City_ID,City,Country,Date,Lat,Lng,Max Temp,Humidity,Cloudiness,Wind Speed,Current Description
0,Ushuaia,AR,2022-06-17 01:34:00,-54.8,-68.3,31.66,80,75,13.8,light snow
1,Dunedin,NZ,2022-06-17 01:43:07,-45.8742,170.5036,46.24,67,14,5.48,few clouds
2,Arawa,PG,2022-06-17 01:47:29,-6.2132,155.5367,85.32,66,97,5.17,overcast clouds
3,Nikolskoye,RU,2022-06-17 01:42:40,59.7035,30.7861,55.87,75,100,6.31,overcast clouds
4,Fort-De-France,MQ,2022-06-17 01:47:30,14.6089,-61.0733,80.55,78,100,8.05,overcast clouds
5,Axim,GH,2022-06-17 01:47:30,4.8699,-2.2405,75.2,91,91,10.56,light rain
6,Thongwa,MM,2022-06-17 01:47:30,16.7619,96.5278,82.56,73,98,5.23,overcast clouds
7,San Cristobal,VE,2022-06-17 01:47:31,7.7669,-72.225,75.38,98,36,2.37,scattered clouds
8,Dikson,RU,2022-06-17 01:45:42,73.5069,80.5464,32.25,93,100,10.02,overcast clouds
9,Dingle,PH,2022-06-17 01:47:31,10.9995,122.6711,87.01,68,33,6.96,scattered clouds
10,Menongue,AO,2022-06-17 01:43:36,-14.6585,17.691,50.13,63,28,3.38,scattered clouds
11,Maniitsoq,GL,2022-06-17 01:47:32,65.4167,-52.9,33.96,99,100,18.59,snow
12,Hobart,AU,2022-06-17 01:39:04,-42.8794,147.3294,50.25,96,0,6.91,light rain
13,Adre,TD,2022-06-17 01:47:33,13.4667,22.2,82.06,43,80,2.19,broken clouds
14,Udachnyy,RU,2022-06-17 01:39:13,66.4167,112.4,66.45,36,85,7.9,overcast clouds
15,Viperesti,RO,2022-06-17 01:47:33,45.2333,26.4667,65.25,77,8,4.54,clear sky
16,Reyes,BO,2022-06-17 01:47:34,-14.3167,-67.3833,68.58,84,4,2.33,clear sky
17,Hermanus,ZA,2022-06-17 01:38:33,-34.4187,19.2345,54.81,48,27,7.34,scattered clouds
18,Castro,BR,2022-06-17 01:38:21,-24.7911,-50.0119,55.38,85,31,3.56,scattered clouds
19,Grenada,ES,2022-06-17 01:43:15,37.1882,-3.6067,84.56,32,0,5.75,clear sky
20,Punta Arenas,CL,2022-06-17 01:38:38,-53.15,-70.9167,32.11,74,40,11.5,scattered clouds
21,Vlore,AL,2022-06-17 01:47:35,40.4667,19.4897,70.56,64,0,3.31,clear sky
22,Qaanaaq,GL,2022-06-17 01:38:47,77.484,-69.3632,32.25,80,17,3.74,few clouds
23,Rikitea,PF,2022-06-17 01:42:14,-23.1203,-134.9692,72.5,64,64,1.68,broken clouds
24,Vazante,BR,2022-06-17 01:47:36,-17.9869,-46.9078,63.43,59,0,1.41,clear sky
25,Storslett,NO,2022-06-17 01:47:36,69.7678,21.0247,45.12,79,8,2.26,clear sky
26,Chicomuselo,MX,2022-06-17 01:47:37,15.7667,-92.2667,71.24,84,100,3.85,overcast clouds
27,Peleduy,RU,2022-06-17 01:43:35,59.6289,112.7406,75.69,36,0,10.83,clear sky
28,Katherine,AU,2022-06-17 01:47:37,-14.4667,132.2667,80.92,22,11,10.36,few clouds
29,Cape Town,ZA,2022-06-17 01:36:03,-33.9258,18.4232,60.91,47,0,10.36,clear sky
30,Mataura,NZ,2022-06-17 01:47:38,-46.1927,168.8643,46.47,71,7,2.08,clear sky
31,Lompoc,US,2022-06-17 01:38:40,34.6391,-120.4579,71.78,70,0,24.0,clear sky
32,Hithadhoo,MV,2022-06-17 01:39:23,-0.6,73.0833,81.73,74,100,9.37,overcast clouds
33,Semirom,IR,2022-06-17 01:47:39,31.4167,51.5667,60.46,29,0,5.17,clear sky
34,Busselton,AU,2022-06-17 01:38:32,-33.65,115.3333,67.08,77,1,24.49,clear sky
35,Sinnamary,GF,2022-06-17 01:47:39,5.3833,-52.95,77.41,83,100,4.41,overcast clouds
36,Camana,PE,2022-06-17 01:47:39,-16.6228,-72.7111,61.05,84,96,11.07,overcast clouds
37,Baran,IN,2022-06-17 01:47:40,25.1,76.5167,82.6,68,100,13.87,overcast clouds
38,Barrow,US,2022-06-17 01:35:02,71.2906,-156.7887,48.22,66,0,5.75,clear sky
39,Jamestown,US,2022-06-17 01:38:24,42.097,-79.2353,76.71,89,0,8.99,clear sky
40,Zhigansk,RU,2022-06-17 01:44:29,66.7697,123.3711,55.81,46,0,19.48,clear sky
41,Mahebourg,MU,2022-06-17 01:38:20,-20.4081,57.7,70.25,88,20,1.14,few clouds
42,Asau,RO,2022-06-17 01:47:41,46.4333,26.4,52.72,79,16,5.91,few clouds
43,Broome,US,2022-06-17 01:38:13,42.2506,-75.833,72.63,85,20,11.01,few clouds
44,Saldanha,ZA,2022-06-17 01:39:55,-33.0117,17.9442,57.27,68,52,13.56,broken clouds
45,Tautira,PF,2022-06-17 01:47:42,-17.7333,-149.15,78.8,73,45,16.06,scattered clouds
46,San Patricio,US,2022-06-17 01:38:52,28.017,-97.5169,85.84,74,4,11.21,clear sky
47,Saskylakh,RU,2022-06-17 01:42:39,71.9167,114.0833,60.57,38,57,12.62,broken clouds
48,Mandalgovi,MN,2022-06-17 01:44:38,45.7625,106.2708,74.05,42,40,7.76,scattered clouds
49,Gorontalo,ID,2022-06-17 01:47:43,0.5412,123.0595,87.39,61,4,2.84,clear sky
50,Hanyang,CN,2022-06-17 01:47:43,32.1371,105.5126,77.79,62,99,2.46,overcast clouds
51,Vaini,TO,2022-06-17 01:43:41,-21.2,-175.2,80.76,74,40,11.5,scattered clouds
52,Malakal,SS,2022-06-17 01:47:44,9.5334,31.6605,79.09,64,100,3.02,light rain
53,Codrington,AU,2022-06-17 01:45:14,-38.2667,141.9667,56.41,78,100,6.62,overcast clouds
54,Cidreira,BR,2022-06-17 01:43:50,-30.1811,-50.2056,62.17,84,100,10.85,overcast clouds
55,Sicamous,CA,2022-06-17 01:43:47,50.8331,-118.9856,62.19,82,79,2.3,broken clouds
56,Ca Mau,VN,2022-06-17 01:45:46,9.1769,105.15,86.59,66,84,3.53,broken clouds
57,Luderitz,NA,2022-06-17 01:44:02,-26.6481,15.1594,54.46,76,0,4.81,clear sky
58,Lykhivka,UA,2022-06-17 01:47:45,48.6874,33.9228,58.73,65,59,4.47,broken clouds
59,Togur,RU,2022-06-17 01:47:45,58.3631,82.8265,55.13,91,100,4.76,overcast clouds
60,Victoria,HK,2022-06-17 01:43:34,22.2855,114.1577,86.38,78,100,18.01,overcast clouds
61,Butaritari,KI,2022-06-17 01:38:29,3.0707,172.7902,82.71,75,20,14.07,light rain
62,Bluff,NZ,2022-06-17 01:38:31,-46.6,168.3333,46.8,65,13,1.72,few clouds
63,Longyearbyen,SJ,2022-06-17 01:37:44,78.2186,15.6401,39.04,81,75,9.22,broken clouds
64,Vila Franca Do Campo,PT,2022-06-17 01:42:45,37.7167,-25.4333,69.19,93,14,4.43,few clouds
65,Bambous Virieux,MU,2022-06-17 01:38:41,-20.3428,57.7575,70.21,88,20,1.14,few clouds
66,Shimoda,JP,2022-06-17 01:39:59,34.6667,138.95,73.76,84,100,12.68,overcast clouds
67,Kodiak,US,2022-06-17 01:39:36,57.79,-152.4072,56.71,72,100,3.44,overcast clouds
68,Lubango,AO,2022-06-17 01:47:47,-14.9172,13.4925,55.35,16,36,0.38,scattered clouds
69,Nemuro,JP,2022-06-17 01:47:47,43.3236,145.575,54.03,96,89,3.47,overcast clouds
70,Hilo,US,2022-06-17 01:38:46,19.7297,-155.09,82.13,69,100,9.22,overcast clouds
71,Victor Harbor,AU,2022-06-17 01:47:48,-35.5667,138.6167,56.68,70,90,2.28,overcast clouds
72,Berlevag,NO,2022-06-17 01:47:48,70.8578,29.0864,39.2,81,100,9.22,overcast clouds
73,Bredasdorp,ZA,2022-06-17 01:34:15,-34.5322,20.0403,50.94,45,89,5.59,overcast clouds
74,Kaitangata,NZ,2022-06-17 01:39:17,-46.2817,169.8464,46.26,62,10,3.24,clear sky
75,Alice Springs,AU,2022-06-17 01:40:06,-23.7,133.8833,63.95,39,0,6.91,clear sky
76,Nantucket,US,2022-06-17 01:39:11,41.2835,-70.0995,64.99,88,100,13.8,overcast clouds
77,Geraldton,AU,2022-06-17 01:44:04,-28.7667,114.6,66.61,94,100,13.8,heavy intensity rain
78,Bethel,US,2022-06-17 01:38:53,41.3712,-73.414,67.5,89,100,6.91,overcast clouds
79,Atuona,PF,2022-06-17 01:35:21,-9.8,-139.0333,78.13,68,0,19.77,clear sky
80,Coquimbo,CL,2022-06-17 01:39:26,-29.9533,-71.3436,53.33,87,0,5.75,clear sky
81,Cururupu,BR,2022-06-17 01:47:50,-1.8283,-44.8683,73.89,92,39,2.93,scattered clouds
82,Puerto Ayora,EC,2022-06-17 01:42:06,-0.7393,-90.3518,71.55,93,53,7.0,broken clouds
83,Chahal,GT,2022-06-17 01:47:50,15.75,-89.5667,71.22,98,100,2.37,overcast clouds
84,Kapaa,US,2022-06-17 01:38:34,22.0752,-159.319,82.38,87,75,16.11,light rain
85,Gawler,AU,2022-06-17 01:43:45,-34.6,138.7333,59.47,84,80,0.87,broken clouds
86,Uyuni,BO,2022-06-17 01:47:51,-20.4597,-66.825,35.73,26,7,23.24,clear sky
87,Danielskuil,ZA,2022-06-17 01:47:52,-28.1887,23.5395,42.15,37,1,11.21,clear sky
88,Kununurra,AU,2022-06-17 01:42:38,-15.7667,128.7333,78.78,21,6,17.27,clear sky
89,Gevrai,IN,2022-06-17 01:47:52,19.2667,75.75,78.93,71,100,1.97,moderate rain
90,Albany,US,2022-06-17 01:38:10,42.6001,-73.9662,68.41,83,100,7.81,overcast clouds
91,Marystown,CA,2022-06-17 01:44:45,47.1666,-55.1483,50.83,86,31,7.78,scattered clouds
92,Haines Junction,CA,2022-06-17 01:40:03,60.7522,-137.5108,71.55,28,97,3.44,overcast clouds
93,Kaeo,NZ,2022-06-17 01:47:54,-35.1,173.7833,65.32,79,100,4.05,overcast clouds
94,Dongsheng,CN,2022-06-17 01:47:54,39.8161,109.9776,86.65,11,100,15.48,overcast clouds
95,Umm Lajj,SA,2022-06-17 01:42:44,25.0213,37.2685,80.96,70,0,6.17,clear sky
96,Ambilobe,MG,2022-06-17 01:43:00,-13.2,49.05,68.23,93,81,2.68,light rain
97,Sao Filipe,CV,2022-06-17 01:36:29,14.8961,-24.4956,73.94,85,63,5.61,broken clouds
98,Katsuura,JP,2022-06-17 01:43:01,35.1333,140.3,73.42,85,100,15.79,overcast clouds
99,Auki,SB,2022-06-17 01:47:55,-8.7676,160.7034,84.47,67,13,3.18,few clouds
100,Severo-Kurilsk,RU,2022-06-17 01:36:31,50.6789,156.125,51.44,75,90,4.45,overcast clouds
101,Neuquen,AR,2022-06-17 01:43:22,-38.9516,-68.0591,53.49,30,89,18.41,overcast clouds
102,Sakakah,SA,2022-06-17 01:47:56,29.9697,40.2064,87.37,22,0,9.04,clear sky
103,Khatanga,RU,2022-06-17 01:39:31,71.9667,102.5,68.23,42,100,17.78,overcast clouds
104,Ponta Do Sol,PT,2022-06-17 01:40:01,32.6667,-17.1,70.43,80,21,3.38,few clouds
105,Tasiilaq,GL,2022-06-17 01:42:24,65.6145,-37.6368,35.76,98,100,1.12,light rain
106,Tepalcatepec,MX,2022-06-17 01:47:57,19.1833,-102.85,75.52,79,100,3.31,overcast clouds
107,Lebu,CL,2022-06-17 01:35:19,-37.6167,-73.65,50.25,83,94,5.73,overcast clouds
108,Mweka,CD,2022-06-17 01:47:58,-4.85,21.5667,68.05,73,48,1.25,scattered clouds
109,Visnes,NO,2022-06-17 01:47:58,59.3556,5.2242,53.65,94,75,8.05,broken clouds
110,Te Anau,NZ,2022-06-17 01:39:09,-45.4167,167.7167,46.45,83,12,0.74,few clouds
111,Pisco,PE,2022-06-17 01:43:52,-13.7,-76.2167,64.02,82,3,5.75,haze
112,Port Alfred,ZA,2022-06-17 01:38:33,-33.5906,26.891,54.0,60,44,12.24,scattered clouds
113,Port Elizabeth,ZA,2022-06-17 01:39:10,-33.918,25.5701,53.89,66,0,4.61,clear sky
114,Solnechnyy,RU,2022-06-17 01:42:42,50.7214,136.6319,63.37,71,100,5.66,overcast clouds
115,Dewas,IN,2022-06-17 01:47:59,22.9667,76.0667,78.98,68,97,12.37,overcast clouds
116,Kavaratti,IN,2022-06-17 01:38:33,10.5669,72.642,81.72,79,96,11.32,overcast clouds
117,Tadine,NC,2022-06-17 01:48:00,-21.55,167.8833,78.35,83,100,10.6,light rain
118,East London,ZA,2022-06-17 01:38:30,-33.0153,27.9116,53.82,55,76,9.8,broken clouds
119,Ribeira Grande,PT,2022-06-17 01:39:29,38.5167,-28.7,66.9,89,0,2.91,clear sky
120,Olga,RU,2022-06-17 01:48:00,43.7444,135.2892,67.6,65,37,6.29,scattered clouds
121,Itoman,JP,2022-06-17 01:44:59,26.1247,127.6694,82.42,89,75,17.27,light rain
122,Palora,EC,2022-06-17 01:48:01,-1.7,-77.9333,64.38,98,98,2.98,overcast clouds
123,Palmer,US,2022-06-17 01:43:47,42.1584,-72.3287,66.61,77,100,4.0,overcast clouds
124,Mangai,CD,2022-06-17 01:48:02,-4.05,19.5333,68.79,94,86,2.01,overcast clouds
125,Mtambile,TZ,2022-06-17 01:48:02,-5.3833,39.7,77.41,77,68,13.71,light rain
126,Puerto Baquerizo Moreno,EC,2022-06-17 01:42:27,-0.9,-89.6,71.11,88,70,13.85,broken clouds
127,Tiarei,PF,2022-06-17 01:48:03,-17.5333,-149.3333,82.42,74,34,18.1,scattered clouds
128,Tevaitoa,PF,2022-06-17 01:48:03,-16.7833,-151.5,79.3,76,14,14.79,light rain
129,Olafsvik,IS,2022-06-17 01:44:51,64.8945,-23.7142,48.97,79,100,11.12,overcast clouds
130,Turtas,RU,2022-06-17 01:48:04,58.9417,69.1325,60.67,58,33,6.8,scattered clouds
131,Vila Do Maio,CV,2022-06-17 01:48:04,15.1333,-23.2167,75.99,83,89,15.26,overcast clouds
132,Kudahuvadhoo,MV,2022-06-17 01:42:11,2.6708,72.8944,83.79,72,100,9.24,overcast clouds
133,Muisne,EC,2022-06-17 01:48:05,0.6,-80.0333,74.98,84,100,7.4,overcast clouds
134,Kasongo-Lunda,CD,2022-06-17 01:48:05,-6.4667,16.8167,66.81,58,25,0.69,scattered clouds
135,Maryville,US,2022-06-17 01:43:33,35.7565,-83.9705,88.0,66,20,10.36,few clouds
136,Villazon,BO,2022-06-17 01:45:42,-22.0866,-65.5942,41.18,18,92,14.16,overcast clouds
137,Staicele,LV,2022-06-17 01:48:06,57.8364,24.75,47.16,95,12,4.61,few clouds
138,Saint-Pierre,RE,2022-06-17 01:42:34,-21.3393,55.4781,69.48,64,0,8.05,clear sky
139,Ust-Ishim,RU,2022-06-17 01:48:07,57.6935,71.1665,61.74,59,66,8.88,broken clouds
140,Saint-Philippe,RE,2022-06-17 01:36:03,-21.3585,55.7679,69.39,75,5,7.7,clear sky
141,Husavik,IS,2022-06-17 01:48:07,66.0449,-17.3389,52.29,65,100,6.02,overcast clouds
142,Kalulushi,ZM,2022-06-17 01:48:08,-12.8378,28.0919,51.98,65,0,3.44,clear sky
143,Fomboni,KM,2022-06-17 01:48:08,-12.28,43.7425,79.45,65,35,11.59,light rain
144,Ruteng,ID,2022-06-17 01:48:09,-8.6136,120.4721,72.23,68,99,1.81,overcast clouds
145,Aswan,EG,2022-06-17 01:48:09,24.0934,32.907,85.3,26,0,9.22,clear sky
146,Neepawa,CA,2022-06-17 01:48:10,50.2289,-99.4664,72.0,85,98,7.0,overcast clouds
147,Balabac,PH,2022-06-17 01:39:14,7.9868,117.0645,85.77,68,99,9.15,overcast clouds
148,Ponta Delgada,PT,2022-06-17 01:39:52,37.7333,-25.6667,69.49,82,75,5.75,broken clouds
149,Yellowknife,CA,2022-06-17 01:38:17,62.456,-114.3525,59.56,55,75,5.75,broken clouds
150,Salinas,US,2022-06-17 01:48:10,36.6777,-121.6555,71.96,57,0,16.11,clear sky
151,Fuling,CN,2022-06-17 01:48:11,29.7022,107.3919,80.02,63,99,1.01,overcast clouds
152,Lere,NG,2022-06-17 01:48:11,10.387,8.5726,68.72,93,100,3.29,light rain
153,Marsa Matruh,EG,2022-06-17 01:47:35,31.3525,27.2453,71.8,78,40,5.75,scattered clouds
154,Nalut,LY,2022-06-17 01:45:02,30.3333,10.85,74.39,29,0,10.78,clear sky
155,Sotnikovskoye,RU,2022-06-17 01:48:12,45.0039,43.7772,66.15,73,98,2.39,overcast clouds
156,La Ceiba,HN,2022-06-17 01:48:12,15.7597,-86.7822,76.82,88,75,2.3,broken clouds
157,New Norfolk,AU,2022-06-17 01:38:45,-42.7826,147.0587,49.91,74,100,3.53,moderate rain
158,Norman Wells,CA,2022-06-17 01:37:49,65.282,-126.8329,66.24,34,20,12.66,few clouds
159,Esperance,AU,2022-06-17 01:38:59,-33.8667,121.9,66.51,72,0,16.35,clear sky
160,Sitka,US,2022-06-17 01:38:28,57.0531,-135.33,70.48,45,40,5.28,scattered clouds
161,Pouebo,NC,2022-06-17 01:48:13,-20.4,164.5667,81.14,70,97,6.62,overcast clouds
162,Khandbari,NP,2022-06-17 01:48:14,27.3747,87.2039,75.7,77,51,1.81,broken clouds
163,Aloja,LV,2022-06-17 01:48:14,57.7669,24.8825,46.62,95,9,5.06,clear sky
164,Teabo,MX,2022-06-17 01:48:15,20.4,-89.2833,74.34,91,67,2.98,broken clouds
165,Plettenberg Bay,ZA,2022-06-17 01:48:15,-34.0527,23.3716,54.64,47,56,8.7,broken clouds
166,Cayenne,GF,2022-06-17 01:35:24,4.9333,-52.3333,75.09,1,0,0.0,clear sky
167,Mpongwe,ZM,2022-06-17 01:48:16,-13.5091,28.155,52.56,59,0,4.92,clear sky
168,Talnakh,RU,2022-06-17 01:43:09,69.4865,88.3972,52.21,93,100,9.57,moderate rain
169,Labuan,MY,2022-06-17 01:42:57,5.2767,115.2417,86.36,74,20,3.44,few clouds
170,Avarua,CK,2022-06-17 01:38:26,-21.2078,-159.775,80.65,65,40,5.75,scattered clouds
171,Kafue,ZM,2022-06-17 01:48:17,-15.7691,28.1814,57.31,51,0,4.05,clear sky
172,Baiquan,CN,2022-06-17 01:48:17,47.5833,126.0833,68.5,66,98,12.97,overcast clouds
173,Severnyy,RU,2022-06-17 01:48:17,50.677,36.5532,57.24,72,0,2.24,clear sky
174,Inirida,CO,2022-06-17 01:48:18,3.8653,-67.9239,71.56,97,56,0.34,broken clouds
175,Durban,ZA,2022-06-17 01:48:18,-29.8579,31.0292,52.02,78,12,5.99,few clouds
176,Kirkenes,NO,2022-06-17 01:48:19,69.7271,30.0458,40.15,87,100,12.66,light intensity drizzle
177,Matamoros,MX,2022-06-17 01:48:19,25.5333,-103.25,93.31,17,20,11.5,few clouds
178,Piskivka,UA,2022-06-17 01:48:20,50.6938,29.6193,58.48,68,100,4.23,overcast clouds
179,Nanortalik,GL,2022-06-17 01:38:52,60.1432,-45.2371,37.9,86,96,5.75,overcast clouds
180,Ostrovnoy,RU,2022-06-17 01:40:10,68.0531,39.5131,40.41,98,100,15.35,overcast clouds
181,Karasburg,NA,2022-06-17 01:48:21,-28.0167,18.75,56.28,25,54,12.59,broken clouds
182,Alofi,NU,2022-06-17 01:42:41,-19.0595,-169.9187,80.49,74,75,16.11,broken clouds
183,Atambua,ID,2022-06-17 01:48:21,-9.1061,124.8925,81.27,62,25,4.38,scattered clouds
184,Hasaki,JP,2022-06-17 01:39:42,35.7333,140.8333,77.29,81,100,9.78,overcast clouds
185,Tuktoyaktuk,CA,2022-06-17 01:38:39,69.4541,-133.0374,60.8,39,40,14.97,scattered clouds
186,Luangwa,ZM,2022-06-17 01:48:22,-15.6167,30.4167,61.32,71,0,4.38,clear sky
187,Tiksi,RU,2022-06-17 01:43:05,71.6872,128.8694,34.39,77,13,8.08,few clouds
188,Chuy,UY,2022-06-17 01:38:36,-33.6971,-53.4616,54.75,94,100,6.49,moderate rain
189,Nishihara,JP,2022-06-17 01:48:23,26.1842,127.7558,81.68,89,100,17.27,light rain
190,Leningradskiy,RU,2022-06-17 01:34:35,69.3833,178.4167,38.44,70,89,9.75,overcast clouds
191,Turukhansk,RU,2022-06-17 01:43:57,65.8167,87.9833,66.4,66,100,4.34,overcast clouds
192,San Carlos De Bariloche,AR,2022-06-17 01:48:23,-41.1456,-71.3082,40.75,81,40,19.57,scattered clouds
193,Nordby,DK,2022-06-17 01:48:24,55.446,8.3979,57.06,93,100,3.44,fog
194,Saint-Augustin,CA,2022-06-17 01:48:24,51.226,-58.6502,63.91,59,90,11.01,overcast clouds
195,Hambantota,LK,2022-06-17 01:35:53,6.1241,81.1185,77.34,100,40,4.61,scattered clouds
196,Beringovskiy,RU,2022-06-17 01:38:43,63.05,179.3167,46.42,72,15,5.55,few clouds
197,Makakilo City,US,2022-06-17 01:37:15,21.3469,-158.0858,82.72,61,75,14.97,broken clouds
198,Tabasalu,EE,2022-06-17 01:48:25,59.4303,24.5331,55.49,77,0,9.22,clear sky
199,Thompson,CA,2022-06-17 01:39:03,55.7435,-97.8558,46.56,81,100,17.27,overcast clouds
200,Juchitlan,MX,2022-06-17 01:48:26,20.0833,-104.1167,72.45,61,100,4.83,overcast clouds
201,Anadyr,RU,2022-06-17 01:48:26,64.75,177.4833,61.3,55,0,17.9,clear sky
202,Camacupa,AO,2022-06-17 01:48:26,-12.0167,17.4833,51.1,41,72,3.78,broken clouds
203,Paicandu,BR,2022-06-17 01:48:27,-23.4575,-52.0486,72.27,64,0,9.22,clear sky
204,Narsaq,GL,2022-06-17 01:43:48,60.9167,-46.05,44.82,74,100,2.08,overcast clouds
205,Havoysund,NO,2022-06-17 01:48:27,70.9963,24.6622,41.23,85,100,10.92,overcast clouds
206,Arraial Do Cabo,BR,2022-06-17 01:42:20,-22.9661,-42.0278,69.22,77,0,17.76,clear sky
207,Comodoro Rivadavia,AR,2022-06-17 01:45:03,-45.8667,-67.5,40.86,65,40,26.46,scattered clouds
208,Ibra,OM,2022-06-17 01:48:28,22.6906,58.5334,84.34,61,74,1.83,broken clouds
209,Contai,IN,2022-06-17 01:48:29,21.7786,87.7536,85.59,76,100,19.15,overcast clouds
210,Rio Gallegos,AR,2022-06-17 01:42:42,-51.6226,-69.2181,30.25,74,0,14.97,clear sky
211,Ilulissat,GL,2022-06-17 01:38:47,69.2167,-51.1,50.02,43,100,14.97,overcast clouds
212,Lagoa,PT,2022-06-17 01:39:21,39.05,-27.9833,65.37,89,0,7.92,clear sky
213,Mazatlan,MX,2022-06-17 01:46:06,23.2167,-106.4167,82.9,82,71,3.0,broken clouds
214,Mangaluru,IN,2022-06-17 01:45:07,12.8667,74.8833,76.06,88,40,0.0,scattered clouds
215,Mutis,CO,2022-06-17 01:48:30,6.2262,-77.4044,77.49,87,100,3.24,light rain
216,Boone,US,2022-06-17 01:48:30,39.0334,-92.3335,89.85,87,3,5.46,clear sky
217,Westport,US,2022-06-17 01:41:37,41.1415,-73.3579,69.62,87,100,9.22,overcast clouds
218,Rafaela,AR,2022-06-17 01:48:31,-31.2503,-61.4867,51.98,54,70,5.99,broken clouds
219,Tukrah,LY,2022-06-17 01:43:29,32.5341,20.5791,72.19,82,0,6.8,clear sky
220,Verkh-Usugli,RU,2022-06-17 01:48:32,52.7,115.1667,76.08,33,74,1.77,broken clouds
221,Kwinana,AU,2022-06-17 01:48:32,-32.25,115.7667,67.23,87,12,8.99,light rain
222,Mount Darwin,ZW,2022-06-17 01:48:32,-16.7725,31.5838,52.29,92,0,2.55,clear sky
223,Ust-Tsilma,RU,2022-06-17 01:48:33,65.441,52.1498,60.51,77,100,5.28,overcast clouds
224,Tombouctou,ML,2022-06-17 01:44:37,20.0,-3.0,84.83,46,97,7.34,overcast clouds
225,Awjilah,LY,2022-06-17 01:43:13,29.1081,21.2869,77.54,40,1,13.15,clear sky
226,Hobyo,SO,2022-06-17 01:44:50,5.3505,48.5268,78.1,84,100,20.96,overcast clouds
227,Puerto Escondido,MX,2022-06-17 01:43:23,15.85,-97.0667,79.63,65,100,6.91,overcast clouds
228,Hurghada,EG,2022-06-17 01:47:41,27.2574,33.8129,82.44,44,0,20.71,clear sky
229,Touros,BR,2022-06-17 01:43:30,-5.1989,-35.4608,72.93,82,32,9.46,scattered clouds
230,Quatre Cocos,MU,2022-06-17 01:45:42,-20.2078,57.7625,70.09,73,1,7.16,clear sky
231,Cognac,FR,2022-06-17 01:48:34,45.5,-0.25,73.0,53,0,2.3,clear sky
232,Biratnagar,NP,2022-06-17 01:48:35,26.4831,87.2834,79.88,85,80,9.31,broken clouds
233,Camacari,BR,2022-06-17 01:48:35,-12.6975,-38.3242,78.57,79,62,5.26,broken clouds
234,Garowe,SO,2022-06-17 01:48:35,8.4054,48.4845,75.87,63,100,20.11,overcast clouds
235,Paamiut,GL,2022-06-17 01:48:36,61.994,-49.6678,38.57,73,100,17.13,overcast clouds
236,Iqaluit,CA,2022-06-17 01:38:54,63.7506,-68.5145,37.13,64,75,19.57,broken clouds
237,Springbok,ZA,2022-06-17 01:48:36,-29.6643,17.8865,49.98,34,46,5.64,scattered clouds
238,Kahului,US,2022-06-17 01:40:06,20.8947,-156.47,84.22,64,40,20.71,scattered clouds
239,Defiance,US,2022-06-17 01:48:37,41.3334,-84.45,89.58,31,0,9.22,clear sky
240,Sarakhs,IR,2022-06-17 01:48:38,36.5449,61.1577,80.74,39,3,4.61,clear sky
241,Itarema,BR,2022-06-17 01:48:38,-2.9248,-39.9167,75.36,84,16,9.86,few clouds
242,Jatiroto,ID,2022-06-17 01:48:38,-7.8833,111.1167,80.96,76,35,1.43,scattered clouds
243,Saint George,US,2022-06-17 01:43:50,37.1041,-113.5841,104.59,5,0,20.71,clear sky
244,Poum,NC,2022-06-17 01:42:50,-20.2333,164.0167,79.23,80,100,14.97,moderate rain
245,Salinopolis,BR,2022-06-17 01:42:36,-0.6136,-47.3561,77.76,82,93,7.63,overcast clouds
246,Sovetskiy,RU,2022-06-17 01:48:39,61.3614,63.5842,64.29,47,11,5.37,few clouds
247,Altoona,US,2022-06-17 01:48:40,40.5187,-78.3947,82.65,89,93,6.91,overcast clouds
248,Manta,EC,2022-06-17 01:48:40,-0.95,-80.7333,73.18,78,75,11.5,broken clouds
249,General Roca,AR,2022-06-17 01:48:41,-39.0333,-67.5833,52.63,40,100,31.43,overcast clouds
250,Young,UY,2022-06-17 01:48:41,-32.6833,-57.6333,55.22,89,100,1.25,overcast clouds
251,Dharchula,IN,2022-06-17 01:48:42,29.85,80.5333,76.41,57,68,0.67,broken clouds
252,San Policarpo,PH,2022-06-17 01:44:50,12.1791,125.5072,84.24,74,42,6.55,scattered clouds
253,Caravelas,BR,2022-06-17 01:42:23,-17.7125,-39.2481,68.59,77,0,4.61,clear sky
254,Merauke,ID,2022-06-17 01:48:43,-8.4667,140.3333,83.46,73,84,13.13,broken clouds
255,Inhambane,MZ,2022-06-17 01:48:43,-23.865,35.3833,59.97,71,0,7.0,clear sky
256,Grass Valley,US,2022-06-17 01:48:43,39.2191,-121.0611,76.59,26,0,9.22,clear sky
257,Mar Del Plata,AR,2022-06-17 01:38:41,-38.0023,-57.5575,44.1,90,0,5.75,mist
258,Gwanda,ZW,2022-06-17 01:48:44,-20.9333,29.0,47.57,95,0,5.1,clear sky
259,Masterton,NZ,2022-06-17 01:48:44,-40.9597,175.6575,57.88,89,100,2.51,overcast clouds
260,Totness,SR,2022-06-17 01:48:45,5.8833,-56.3167,77.05,86,100,7.63,overcast clouds
261,Zhanaozen,KZ,2022-06-17 01:48:45,43.3,52.8,79.23,20,18,11.43,few clouds
262,Acari,PE,2022-06-17 01:48:45,-15.4311,-74.6158,61.09,81,51,4.63,broken clouds
263,Rize,TR,2022-06-17 01:48:46,40.9044,40.8949,47.14,92,22,2.17,few clouds
264,Cabo San Lucas,MX,2022-06-17 01:44:21,22.8909,-109.9124,88.9,42,20,10.36,few clouds
265,Bogorodskoye,RU,2022-06-17 01:48:46,56.55,37.8833,50.58,89,88,6.15,overcast clouds
266,Seoul,KR,2022-06-17 01:45:10,37.5683,126.9778,72.97,70,75,5.75,mist
267,Naze,JP,2022-06-17 01:44:35,28.3667,129.4833,74.32,93,100,1.39,light rain
268,Isangel,VU,2022-06-17 01:44:44,-19.55,169.2667,81.09,79,100,13.49,overcast clouds
269,Villarrica,PY,2022-06-17 01:48:47,-25.75,-56.4333,66.83,98,100,3.71,light rain
270,Vardo,NO,2022-06-17 01:38:59,70.3705,31.1107,40.98,81,100,14.97,overcast clouds
271,Calvinia,ZA,2022-06-17 01:45:58,-31.4707,19.776,46.81,45,68,9.22,broken clouds
272,Georgetown,MY,2022-06-17 01:37:15,5.4112,100.3354,80.53,93,20,5.01,few clouds
273,Sao Joao Da Barra,BR,2022-06-17 01:43:40,-21.6403,-41.0511,68.7,76,0,9.19,clear sky
274,Faya,SA,2022-06-17 01:44:31,18.3851,42.4509,63.12,30,1,4.65,clear sky
275,Sao Geraldo Do Araguaia,BR,2022-06-17 01:48:49,-6.4006,-48.555,74.34,76,67,1.32,broken clouds
276,Yamada,JP,2022-06-17 01:48:49,39.4667,141.95,75.07,60,100,9.4,overcast clouds
277,Kisangani,CD,2022-06-17 01:48:50,0.5167,25.2,70.54,98,100,1.32,light rain
278,Diu,IN,2022-06-17 01:48:50,20.7141,70.9822,84.09,76,100,11.9,overcast clouds
279,Provideniya,RU,2022-06-17 01:35:31,64.3833,-173.3,44.71,81,40,13.42,scattered clouds
280,Coahuayana,MX,2022-06-17 01:48:51,18.7333,-103.6833,78.82,81,100,4.45,overcast clouds
281,Vila Velha,BR,2022-06-17 01:45:02,-20.3297,-40.2925,67.95,88,75,2.3,broken clouds
282,Yulara,AU,2022-06-17 01:42:51,-25.2406,130.9889,67.84,33,39,7.38,scattered clouds
283,Vila,PT,2022-06-17 01:43:25,42.0304,-8.1588,57.7,87,100,7.54,overcast clouds
284,Goderich,CA,2022-06-17 01:39:53,43.7501,-81.7165,71.92,46,0,9.22,clear sky
285,La Ronge,CA,2022-06-17 01:43:08,55.1001,-105.2842,57.45,77,100,10.36,overcast clouds
286,Bekhtery,UA,2022-06-17 01:48:52,46.251,32.2927,63.7,71,14,2.44,few clouds
287,Sijunjung,ID,2022-06-17 01:48:53,-0.6876,100.9537,77.23,88,99,2.26,overcast clouds
288,Aktas,KZ,2022-06-17 01:48:53,49.7789,72.9608,56.95,52,9,5.1,clear sky
289,Plouzane,FR,2022-06-17 01:48:53,48.3833,-4.6167,64.72,72,0,5.75,clear sky
290,Virginia Beach,US,2022-06-17 01:48:22,36.8529,-75.978,80.02,77,75,5.75,broken clouds
291,Prainha,BR,2022-06-17 01:48:54,-1.8,-53.48,72.28,80,45,0.6,scattered clouds
292,Port Moresby,PG,2022-06-17 01:48:54,-9.4431,147.1797,87.22,70,40,9.22,haze
293,Souillac,MU,2022-06-17 01:48:55,-20.5167,57.5167,66.58,88,20,1.14,few clouds
294,Majene,ID,2022-06-17 01:48:55,-3.5403,118.9707,82.94,73,81,3.44,broken clouds
295,Biak,ID,2022-06-17 01:43:44,-0.9131,122.8766,82.15,70,19,5.53,few clouds
296,Sergeyevka,KZ,2022-06-17 01:48:56,53.88,67.4158,67.12,58,1,2.84,clear sky
297,Palatka,US,2022-06-17 01:48:56,29.6486,-81.6376,82.42,78,0,5.17,clear sky
298,Adrar,MR,2022-06-17 01:42:05,20.5022,-10.0711,88.03,14,0,4.52,clear sky
299,Brandon,US,2022-06-17 01:48:57,27.9378,-82.2859,86.99,80,62,3.0,broken clouds
300,Morant Bay,JM,2022-06-17 01:48:57,17.8815,-76.4093,83.82,81,100,7.67,overcast clouds
301,Ryotsu,JP,2022-06-17 01:48:58,38.0833,138.4333,71.1,74,54,8.46,broken clouds
302,Luba,GQ,2022-06-17 01:48:58,3.4568,8.5547,76.89,93,100,5.03,moderate rain
303,Port Lincoln,AU,2022-06-17 01:42:30,-34.7333,135.8667,58.3,65,0,7.27,clear sky
304,Alexandria,EG,2022-06-17 01:48:59,31.2156,29.9553,75.16,73,0,8.05,clear sky
305,Pacific Grove,US,2022-06-17 01:43:50,36.6177,-121.9166,71.55,72,0,16.11,clear sky
306,Krasnoselkup,RU,2022-06-17 01:45:35,65.7,82.4667,65.84,74,100,8.95,overcast clouds
307,Gradistea,RO,2022-06-17 01:49:00,44.2333,27.2167,70.11,42,97,4.09,overcast clouds
308,Envira,BR,2022-06-17 01:49:00,-7.3,-70.2167,71.91,95,98,3.0,overcast clouds
309,Ancud,CL,2022-06-17 01:39:53,-41.8697,-73.8203,41.23,74,9,8.21,clear sky
310,Kuusamo,FI,2022-06-17 01:42:57,65.9667,29.1833,41.04,93,100,12.66,overcast clouds
311,Huarmey,PE,2022-06-17 01:39:42,-10.0681,-78.1522,62.96,81,10,13.13,clear sky
312,Doka,SD,2022-06-17 01:49:01,13.5167,35.7667,74.98,63,45,9.66,scattered clouds
313,Chardara,KZ,2022-06-17 01:49:02,41.2547,67.9692,78.8,42,39,4.76,scattered clouds
314,Kruisfontein,ZA,2022-06-17 01:42:14,-34.0033,24.7314,46.89,38,100,7.72,overcast clouds
315,Altamont,US,2022-06-17 01:49:02,42.2068,-121.7372,66.76,31,0,12.66,clear sky
316,Angoche,MZ,2022-06-17 01:49:03,-16.2325,39.9086,73.42,74,3,10.16,clear sky
317,Clarksburg,US,2022-06-17 01:47:54,39.2807,-80.3445,77.85,94,43,3.29,scattered clouds
318,Prince Rupert,CA,2022-06-17 01:49:03,54.3161,-130.3201,55.49,80,100,12.66,light rain
319,Sambava,MG,2022-06-17 01:49:04,-14.2667,50.1667,67.64,87,16,5.59,few clouds
320,Maceio,BR,2022-06-17 01:45:31,-9.6658,-35.7353,71.04,94,100,4.61,overcast clouds
321,Airai,TL,2022-06-17 01:49:04,-8.9266,125.4092,69.57,64,30,4.5,scattered clouds
322,Broken Hill,AU,2022-06-17 01:39:54,-31.95,141.4333,58.33,45,61,7.85,broken clouds
323,Zarinsk,RU,2022-06-17 01:49:05,53.7074,84.9493,59.88,88,36,12.17,light rain
324,Raub,MY,2022-06-17 01:49:05,3.7899,101.857,79.34,84,97,0.56,overcast clouds
325,Gimli,CA,2022-06-17 01:49:06,50.6336,-96.9907,71.62,49,0,8.05,clear sky
326,Lerwick,GB,2022-06-17 01:49:06,60.1545,-1.1494,55.4,96,100,13.96,overcast clouds
327,Yei,SS,2022-06-17 01:49:07,4.095,30.6779,66.29,85,8,3.74,clear sky
328,Okha,RU,2022-06-17 01:42:32,53.5739,142.9478,43.74,95,100,6.82,light rain
329,Eureka,US,2022-06-17 01:45:47,40.8021,-124.1637,59.74,75,100,3.0,overcast clouds
330,Mangrol,IN,2022-06-17 01:49:07,21.1167,70.1167,84.49,76,76,11.68,broken clouds
331,Markivka,UA,2022-06-17 01:49:08,49.5229,39.5705,54.52,86,0,3.76,clear sky
332,Teya,RU,2022-06-17 01:43:22,60.3778,92.6267,57.99,99,100,0.69,moderate rain
333,Anloga,GH,2022-06-17 01:49:09,5.7947,0.8973,77.52,86,100,15.05,light rain
334,Pouembout,NC,2022-06-17 01:49:09,-21.1333,164.9,82.53,67,100,4.94,overcast clouds
335,Svetlyy,RU,2022-06-17 01:49:10,54.675,20.1347,57.25,88,7,4.81,clear sky
336,Merritt,CA,2022-06-17 01:49:10,50.1123,-120.7942,64.35,44,27,2.66,scattered clouds
337,Kholtoson,RU,2022-06-17 01:49:10,50.2981,103.3097,72.45,48,90,2.26,light rain
338,Pangnirtung,CA,2022-06-17 01:43:11,66.1451,-65.7125,30.52,96,97,1.99,overcast clouds
339,Zhezkazgan,KZ,2022-06-17 01:45:39,47.8043,67.7144,69.78,35,0,4.47,clear sky
340,Rawson,AR,2022-06-17 01:49:11,-43.3002,-65.1023,52.09,46,0,21.85,clear sky
341,Taft,IR,2022-06-17 01:49:12,31.7471,54.2088,75.15,24,0,9.22,clear sky
342,Siderno,IT,2022-06-17 01:49:12,38.2779,16.302,73.33,66,0,7.85,clear sky
343,Tuatapere,NZ,2022-06-17 01:44:55,-46.1333,167.6833,46.99,73,7,0.27,clear sky
344,Kedougou,SN,2022-06-17 01:49:13,12.5579,-12.1743,81.12,72,100,4.14,overcast clouds
345,Bengkulu,ID,2022-06-17 01:49:13,-3.8004,102.2655,81.18,72,100,2.3,overcast clouds
346,Callaway,US,2022-06-17 01:49:14,30.153,-85.5699,84.94,78,20,10.36,few clouds
347,Heinola,FI,2022-06-17 01:49:14,61.2056,26.0381,52.0,80,100,9.19,overcast clouds
348,Ada,US,2022-06-17 01:49:15,43.4166,-116.1262,79.41,37,0,11.99,clear sky
349,Constitucion,CL,2022-06-17 01:43:21,-35.3333,-72.4167,48.54,82,86,6.26,overcast clouds
350,Kalpi,IN,2022-06-17 01:49:15,26.1167,79.7333,88.39,56,87,11.65,overcast clouds
351,Koutiala,ML,2022-06-17 01:49:16,12.3917,-5.4642,78.55,69,90,12.37,overcast clouds
352,Mahibadhoo,MV,2022-06-17 01:49:16,3.7833,72.9667,83.59,73,74,10.65,broken clouds
353,Faanui,PF,2022-06-17 01:43:27,-16.4833,-151.75,80.4,71,0,15.3,clear sky
354,Jumla,NP,2022-06-17 01:45:09,29.2747,82.1838,64.69,73,35,2.33,scattered clouds
355,Willmar,US,2022-06-17 01:49:17,45.1219,-95.0433,75.22,41,0,16.11,clear sky
356,Camopi,GF,2022-06-17 01:49:17,3.1655,-52.3158,70.72,99,69,1.86,broken clouds
357,Marzuq,YE,2022-06-17 01:45:25,14.4,46.4667,79.14,33,96,4.23,overcast clouds
358,Kirakira,SB,2022-06-17 01:42:47,-10.4544,161.9205,83.88,74,76,9.53,broken clouds
359,Bubaque,GW,2022-06-17 01:49:18,11.2833,-15.8333,79.29,83,100,17.67,overcast clouds
360,Naujoji Akmene,LT,2022-06-17 01:49:19,56.3167,22.9,48.13,95,14,5.66,few clouds
361,Aitape,PG,2022-06-17 01:49:19,-3.1374,142.3475,81.7,78,97,6.44,overcast clouds
362,Ahipara,NZ,2022-06-17 01:44:53,-35.1667,173.1667,62.11,70,100,5.48,light rain
363,Grindavik,IS,2022-06-17 01:39:20,63.8424,-22.4338,48.67,93,100,10.36,moderate rain
364,Porto Novo,BJ,2022-06-17 01:39:59,6.4965,2.6036,78.62,91,100,6.49,light rain
365,Mumford,GH,2022-06-17 01:49:20,5.2618,-0.759,74.86,90,100,7.92,moderate rain
366,Arcachon,FR,2022-06-17 01:49:20,44.5875,-1.0519,73.72,73,0,3.44,clear sky
367,Nueva Concepcion,GT,2022-06-17 01:49:21,14.2,-91.3,73.49,95,100,5.53,overcast clouds
368,North Platte,US,2022-06-17 01:43:18,41.1239,-100.7654,84.09,37,0,10.36,clear sky
369,Tungor,RU,2022-06-17 01:49:21,53.3808,142.9564,48.27,87,100,7.81,light rain
370,Chicama,PE,2022-06-17 01:49:22,-7.8447,-79.1469,59.54,81,10,7.54,clear sky
371,Port Hardy,CA,2022-06-17 01:49:22,50.6996,-127.4199,57.38,67,75,4.61,broken clouds
372,Balkhash,KZ,2022-06-17 01:49:23,46.844,74.9804,68.61,42,0,8.95,clear sky
373,Fortuna,US,2022-06-17 01:44:26,40.5982,-124.1573,58.93,71,100,3.0,overcast clouds
374,Villanueva De La Serena,ES,2022-06-17 01:49:23,38.9766,-5.7974,73.04,50,37,3.91,scattered clouds
375,Lavrentiya,RU,2022-06-17 01:36:26,65.5833,-171.0,44.22,72,8,13.31,clear sky
376,Avera,US,2022-06-17 01:49:24,33.194,-82.5271,87.85,52,7,8.25,clear sky
377,Tecoanapa,MX,2022-06-17 01:49:24,16.5167,-98.75,77.95,80,100,1.23,overcast clouds
378,Serenje,ZM,2022-06-17 01:44:07,-13.2325,30.2352,52.14,64,0,4.99,clear sky
379,Petawawa,CA,2022-06-17 01:49:25,45.9001,-77.3328,76.59,50,40,6.91,scattered clouds
380,Yar-Sale,RU,2022-06-17 01:45:26,66.8333,70.8333,54.99,47,27,8.12,scattered clouds
381,Upernavik,GL,2022-06-17 01:42:16,72.7868,-56.1549,32.76,78,1,7.09,clear sky
382,Mount Gambier,AU,2022-06-17 01:42:36,-37.8333,140.7667,53.51,94,100,8.05,overcast clouds
383,Srednekolymsk,RU,2022-06-17 01:49:26,67.45,153.6833,65.73,19,9,9.66,clear sky
384,Hagondange,FR,2022-06-17 01:49:26,49.2513,6.1681,61.38,66,99,3.44,overcast clouds
385,Mastic Beach,US,2022-06-17 01:49:27,40.7668,-72.8521,69.55,87,100,15.01,overcast clouds
386,Clyde River,CA,2022-06-17 01:42:52,70.4692,-68.5914,30.43,100,100,32.21,light snow
387,Gatesville,US,2022-06-17 01:49:27,31.4352,-97.7439,93.31,31,0,3.71,clear sky
388,Bilma,NE,2022-06-17 01:45:07,18.6853,12.9164,89.06,26,1,8.84,clear sky
389,Kirando,TZ,2022-06-17 01:49:28,-7.4167,30.6,71.26,60,7,8.25,clear sky
390,Camacha,PT,2022-06-17 01:43:30,33.0833,-16.3333,63.82,94,20,6.91,few clouds
391,Bajil,YE,2022-06-17 01:49:28,15.0584,43.2851,83.23,65,68,4.34,broken clouds
392,Pangai,TO,2022-06-17 01:49:29,-19.8,-174.35,82.51,74,75,18.41,broken clouds
393,Bandarbeyla,SO,2022-06-17 01:42:15,9.4942,50.8122,78.82,71,90,20.22,overcast clouds
394,Ondjiva,AO,2022-06-17 01:49:29,-17.0667,15.7333,53.6,49,19,6.6,few clouds
395,Emirdag,TR,2022-06-17 01:49:30,39.0197,31.15,58.8,85,14,3.85,few clouds
396,Port Blair,IN,2022-06-17 01:49:30,11.6667,92.75,82.44,83,75,4.61,broken clouds
397,Rute,ES,2022-06-17 01:49:31,37.3269,-4.3683,69.03,53,37,2.84,light rain
398,Beira,MZ,2022-06-17 01:49:31,-19.8436,34.8389,71.69,73,40,9.22,scattered clouds
399,Sai Buri,TH,2022-06-17 01:49:32,6.7013,101.6168,82.11,78,96,3.02,overcast clouds
400,Fairbanks,US,2022-06-17 01:45:02,64.8378,-147.7164,71.6,49,20,6.91,few clouds
401,Kavieng,PG,2022-06-17 01:49:32,-2.5744,150.7967,84.51,69,29,14.14,scattered clouds
402,Jalu,LY,2022-06-17 01:49:33,29.0331,21.5482,77.86,40,2,12.57,clear sky
403,Aranos,NA,2022-06-17 01:49:33,-24.1333,19.1167,50.13,31,33,11.34,scattered clouds
404,Gondanglegi,ID,2022-06-17 01:45:12,-7.7479,112.0132,82.62,74,7,0.85,clear sky
405,Raudeberg,NO,2022-06-17 01:45:43,61.9875,5.1352,52.86,94,93,7.49,overcast clouds
406,Hamilton,US,2022-06-17 01:49:34,39.1834,-84.5333,86.85,78,0,8.05,clear sky
407,Concepcion De Buenos Aires,MX,2022-06-17 01:49:34,19.9667,-103.2667,57.06,92,92,4.32,overcast clouds
408,Najran,SA,2022-06-17 01:40:07,17.4924,44.1277,77.65,19,81,3.38,broken clouds
409,Lucea,JM,2022-06-17 01:49:35,18.451,-78.1736,80.46,77,100,2.98,overcast clouds
410,Wajima,JP,2022-06-17 01:49:35,37.4,136.9,75.88,68,20,12.66,few clouds
411,Tucuma,BR,2022-06-17 01:49:36,-0.1833,-50.05,74.84,85,8,2.04,clear sky
412,Ust-Nera,RU,2022-06-17 01:49:36,64.5667,143.2,59.38,60,93,6.02,overcast clouds
413,Deniliquin,AU,2022-06-17 01:49:37,-35.5333,144.9667,57.88,62,99,7.31,overcast clouds
414,Baherden,TM,2022-06-17 01:49:37,38.4362,57.4316,82.4,43,1,5.3,clear sky
415,Dabakala,CI,2022-06-17 01:49:38,8.3667,-4.4333,71.44,96,100,5.68,overcast clouds
416,Sorland,NO,2022-06-17 01:49:38,67.667,12.6934,46.26,77,100,5.88,overcast clouds
417,Margate,GB,2022-06-17 01:49:38,51.3813,1.3862,63.7,74,95,1.01,overcast clouds
418,Qeshm,IR,2022-06-17 01:49:39,26.9581,56.2719,84.09,74,15,3.98,few clouds
419,Barcelos,PT,2022-06-17 01:49:39,41.5388,-8.6151,67.91,97,14,1.16,few clouds
420,Tual,ID,2022-06-17 01:39:44,-5.6667,132.75,82.49,76,21,16.51,few clouds
421,Cuenca,EC,2022-06-17 01:49:40,-2.8833,-78.9833,59.13,63,20,3.44,few clouds
422,Henties Bay,NA,2022-06-17 01:49:40,-22.116,14.2845,57.79,75,2,9.13,clear sky
423,Mogzon,RU,2022-06-17 01:49:41,51.7435,111.9606,74.39,49,98,2.46,overcast clouds
424,Grenaa,DK,2022-06-17 01:49:41,56.4158,10.8783,53.82,91,98,15.05,overcast clouds
425,Aykhal,RU,2022-06-17 01:43:05,66.0,111.5,66.04,44,42,5.86,scattered clouds
426,La Libertad,EC,2022-06-17 01:49:42,-2.2333,-80.9,70.16,80,94,10.69,overcast clouds
427,Visby,SE,2022-06-17 01:49:42,57.6409,18.296,50.05,100,18,1.14,mist
428,Pirganj,BD,2022-06-17 01:49:42,25.8523,88.3618,83.32,78,77,1.95,light rain
429,Zhoucheng,CN,2022-06-17 01:49:43,35.9122,116.3117,97.48,27,22,7.87,few clouds
430,Namibe,AO,2022-06-17 01:45:39,-15.1961,12.1522,63.19,73,5,1.39,clear sky
431,Port-Gentil,GA,2022-06-17 01:44:49,-0.7193,8.7815,74.98,79,100,10.92,overcast clouds
432,Bondo,CD,2022-06-17 01:49:43,3.8146,23.6866,67.17,99,34,1.74,scattered clouds
433,Bonnyville,CA,2022-06-17 01:49:44,54.2668,-110.735,67.32,82,98,10.47,overcast clouds
434,Salalah,OM,2022-06-17 01:42:28,17.0151,54.0924,86.09,84,75,9.22,broken clouds
435,Vinh,VN,2022-06-17 01:49:44,18.6667,105.6667,85.64,71,100,7.99,overcast clouds
436,Honiara,SB,2022-06-17 01:40:22,-9.4333,159.95,87.22,61,9,9.31,clear sky
437,Marsh Harbour,BS,2022-06-17 01:49:45,26.5412,-77.0636,81.14,77,2,7.09,clear sky
438,Thiruvananthapuram,IN,2022-06-17 01:46:17,8.4833,76.9167,78.78,89,75,4.61,mist
439,Pevek,RU,2022-06-17 01:49:45,69.7008,170.3133,33.85,79,16,9.95,few clouds
440,Luga,RU,2022-06-17 01:49:46,58.7372,29.8453,48.51,95,40,4.68,scattered clouds
441,Irbit,RU,2022-06-17 01:49:46,57.6705,63.071,65.14,77,1,0.2,clear sky
442,Cherskiy,RU,2022-06-17 01:49:47,68.75,161.3,56.34,31,51,10.87,broken clouds
443,Ligayan,PH,2022-06-17 01:49:47,4.6533,119.4706,83.05,74,95,5.59,overcast clouds
444,Lock Haven,US,2022-06-17 01:47:37,41.137,-77.4469,75.9,99,98,3.58,overcast clouds
445,Thai Binh,VN,2022-06-17 01:46:41,20.45,106.3333,86.95,68,95,12.03,overcast clouds
446,Georgiyevskoye,RU,2022-06-17 01:49:48,58.731,45.024,52.45,86,8,4.12,clear sky
447,Sosnovo-Ozerskoye,RU,2022-06-17 01:49:48,52.5249,111.5418,70.03,53,100,1.74,overcast clouds
448,Port Augusta,AU,2022-06-17 01:49:48,-32.5,137.7667,62.38,48,0,1.83,clear sky
449,Sao Goncalo Do Amarante,BR,2022-06-17 01:49:49,-3.6072,-38.9683,76.12,88,21,4.92,few clouds
450,Makinsk,KZ,2022-06-17 01:49:49,52.6292,70.4169,64.42,66,0,6.55,clear sky
451,Torbay,CA,2022-06-17 01:49:50,47.6666,-52.7314,50.58,80,0,7.0,clear sky
452,Gisborne,NZ,2022-06-17 01:49:50,-38.6533,178.0042,59.56,68,100,1.81,overcast clouds
453,Padang,ID,2022-06-17 01:49:50,-0.9492,100.3543,80.65,79,96,1.3,overcast clouds
454,Coihaique,CL,2022-06-17 01:42:40,-45.5752,-72.0662,37.35,70,40,0.0,scattered clouds
455,Aasiaat,GL,2022-06-17 01:49:51,68.7098,-52.8699,34.3,99,100,10.04,light snow
456,Necochea,AR,2022-06-17 01:43:45,-38.5473,-58.7368,46.44,69,0,10.22,clear sky
457,Port-Cartier,CA,2022-06-17 01:49:52,50.0334,-66.8654,64.62,78,100,3.67,light rain
458,Belluno,IT,2022-06-17 01:49:52,46.145,12.2214,68.41,91,90,1.01,overcast clouds
459,Pringsewu,ID,2022-06-17 01:49:52,-5.3582,104.9744,78.13,85,100,1.83,overcast clouds
460,Kichera,RU,2022-06-17 01:49:53,55.9375,110.0997,72.82,47,100,1.12,overcast clouds
461,Tazmalt,DZ,2022-06-17 01:49:54,36.3868,4.3989,76.01,31,0,2.35,clear sky
462,Arnia,IN,2022-06-17 01:49:54,32.5167,74.8,76.59,53,11,1.43,few clouds
463,Kapit,MY,2022-06-17 01:43:20,2.0167,112.9333,81.03,80,89,0.83,overcast clouds
464,Vestmannaeyjar,IS,2022-06-17 01:43:20,63.4427,-20.2734,48.72,88,100,19.57,light rain
465,Carnarvon,AU,2022-06-17 01:45:55,-24.8667,113.6333,73.87,77,97,13.38,overcast clouds
466,Hay River,CA,2022-06-17 01:45:15,60.8156,-115.7999,55.36,62,75,8.05,broken clouds
467,Banswada,IN,2022-06-17 01:49:55,18.3833,77.8833,82.98,66,100,10.36,overcast clouds
468,Nouadhibou,MR,2022-06-17 01:43:31,20.931,-17.0347,69.78,78,0,20.71,clear sky
469,Puerto Cabezas,NI,2022-06-17 01:49:56,14.0351,-83.3888,76.91,89,100,6.31,overcast clouds
470,Mount Isa,AU,2022-06-17 01:49:56,-20.7333,139.5,73.17,27,0,12.66,clear sky
471,Nunkini,MX,2022-06-17 01:49:56,20.3333,-90.1833,75.79,84,25,3.96,scattered clouds
472,Daru,PG,2022-06-17 01:43:10,-9.0763,143.2092,80.91,85,83,14.5,broken clouds
473,Lorengau,PG,2022-06-17 01:49:57,-2.0226,147.2712,83.44,77,100,10.56,overcast clouds
474,Ola,RU,2022-06-17 01:45:51,59.5833,151.2833,50.14,87,100,3.29,overcast clouds
475,French Harbor,HN,2022-06-17 01:49:57,16.35,-86.4333,79.07,91,89,12.06,overcast clouds
476,Saint-Joseph,RE,2022-06-17 01:43:02,-21.3667,55.6167,68.38,74,3,3.91,clear sky
477,Sapulpa,US,2022-06-17 01:49:58,35.9987,-96.1142,89.28,71,0,9.22,clear sky
478,Doctor Juan Manuel Frutos,PY,2022-06-17 01:49:58,-25.3667,-55.8,65.8,91,88,8.52,overcast clouds
479,Khromtau,KZ,2022-06-17 01:49:59,50.2503,58.4347,69.48,50,98,3.44,overcast clouds
480,Bhopal,IN,2022-06-17 01:49:59,23.2667,77.4,77.23,83,40,10.36,scattered clouds
481,Atar,MR,2022-06-17 01:44:13,20.5169,-13.0499,91.89,17,0,11.92,clear sky
482,Great Falls,US,2022-06-17 01:50:00,47.5002,-111.3008,85.39,24,0,16.11,clear sky
483,Amsterdam,NL,2022-06-17 01:49:14,52.374,4.8897,61.92,83,0,4.0,clear sky
484,Tiznit,MA,2022-06-17 01:50:00,29.5833,-9.5,69.49,55,0,1.14,clear sky
485,Kalmunai,LK,2022-06-17 01:42:25,7.4167,81.8167,79.12,79,100,3.11,light rain
486,Makasar,ID,2022-06-17 01:50:01,-5.14,119.4221,84.25,84,20,2.3,few clouds
487,Los Algarrobos,PA,2022-06-17 01:50:01,8.5,-82.4333,77.41,83,40,9.22,scattered clouds
488,Sobolevo,RU,2022-06-17 01:44:01,54.4299,31.8996,52.25,93,100,6.22,overcast clouds
489,Chiredzi,ZW,2022-06-17 01:50:02,-21.05,31.6667,51.28,79,0,3.0,clear sky
490,Markdale,CA,2022-06-17 01:50:03,44.3168,-80.6497,78.15,60,0,19.6,clear sky
491,Orillia,CA,2022-06-17 01:46:04,44.6087,-79.4207,77.67,56,0,14.97,clear sky
492,Vao,NC,2022-06-17 01:43:55,-22.6667,167.4833,75.97,84,100,13.11,moderate rain
493,Qasigiannguit,GL,2022-06-17 01:42:44,68.8193,-51.1922,50.25,94,100,2.86,overcast clouds
494,Cordele,US,2022-06-17 01:50:04,31.9635,-83.7824,89.58,48,0,4.61,clear sky
495,Soligalich,RU,2022-06-17 01:50:04,59.0778,42.2864,49.12,93,9,4.16,clear sky
496,Rocha,UY,2022-06-17 01:44:26,-34.4833,-54.3333,53.08,92,100,3.33,light rain
497,Iquique,CL,2022-06-17 01:44:15,-20.2208,-70.1431,60.84,77,64,3.38,broken clouds
498,Gorebridge,GB,2022-06-17 01:50:05,55.8459,-3.0456,60.71,49,100,11.34,overcast clouds
499,Sarkand,KZ,2022-06-17 01:50:06,45.41,79.9186,71.35,36,2,1.16,clear sky
500,Riyadh,SA,2022-06-17 01:45:33,24.6877,46.7219,86.14,18,9,5.08,clear sky
501,Vaitape,PF,2022-06-17 01:50:06,-16.5167,-151.75,80.37,71,0,15.17,clear sky
502,Klyuchi,RU,2022-06-17 01:45:58,52.2667,79.1667,59.09,79,94,2.17,light rain
503,New Albany,US,2022-06-17 01:45:37,38.2856,-85.8241,89.91,69,0,6.91,clear sky
504,Bilibino,RU,2022-06-17 01:42:28,68.0546,166.4372,60.85,27,44,2.35,scattered clouds
505,Waiouru,NZ,2022-06-17 01:50:07,-39.4833,175.6667,48.09,89,100,1.68,overcast clouds
506,Yuzhnouralsk,RU,2022-06-17 01:50:08,54.4418,61.2536,65.44,77,65,4.09,broken clouds
507,Veraval,IN,2022-06-17 01:50:08,20.9,70.3667,84.4,77,81,11.92,broken clouds
508,Shirokiy,RU,2022-06-17 01:50:09,49.758,129.523,59.32,96,100,0.76,moderate rain
509,Ukiah,US,2022-06-17 01:49:25,39.1502,-123.2078,64.44,63,0,13.8,clear sky
510,Tazovskiy,RU,2022-06-17 01:50:09,67.4667,78.7,50.83,52,20,13.96,few clouds
511,Izhma,RU,2022-06-17 01:50:10,65.0083,53.9113,61.18,69,100,5.93,overcast clouds
512,Mogadishu,SO,2022-06-17 01:45:15,2.0371,45.3438,78.13,84,100,12.5,light rain
513,Abu Dhabi,AE,2022-06-17 01:48:02,24.4667,54.3667,87.82,78,0,5.75,clear sky
514,Apollonia,GR,2022-06-17 01:50:10,36.9716,24.7231,69.39,68,0,21.79,clear sky
515,Moerai,PF,2022-06-17 01:50:11,-22.4333,-151.3333,75.31,68,39,9.44,scattered clouds
516,Buchanan,LR,2022-06-17 01:50:11,5.8808,-10.0467,76.3,90,100,11.52,moderate rain
517,Fenoarivo,MG,2022-06-17 01:50:12,-18.933,47.4354,51.87,100,20,1.14,few clouds
518,Assiniboia,CA,2022-06-17 01:50:12,49.6334,-105.9845,69.62,43,7,4.61,clear sky
519,Thinadhoo,MV,2022-06-17 01:43:57,0.5333,72.9333,83.43,72,96,8.03,overcast clouds
520,Almaznyy,RU,2022-06-17 01:50:13,48.0448,40.045,55.56,74,1,5.3,clear sky
521,Sur,OM,2022-06-17 01:35:58,22.5667,59.5289,88.75,61,74,7.23,broken clouds
522,Nagapattinam,IN,2022-06-17 01:50:13,10.7667,79.8333,84.0,71,100,7.9,overcast clouds
523,Williamsport,US,2022-06-17 01:47:39,41.2412,-77.0011,76.82,90,100,5.75,thunderstorm
524,Condega,NI,2022-06-17 01:50:14,13.365,-86.3985,69.8,96,94,1.92,light rain
525,Poya,NC,2022-06-17 01:50:14,-21.35,165.15,80.98,71,93,4.29,light rain
526,Ullapool,GB,2022-06-17 01:50:15,57.8987,-5.1604,60.35,94,100,7.36,moderate rain
527,Mandera,KE,2022-06-17 01:50:15,3.9366,41.867,75.6,67,99,12.59,overcast clouds
528,Qaqortoq,GL,2022-06-17 01:44:18,60.7167,-46.0333,38.39,77,100,5.59,overcast clouds
529,Washington,US,2022-06-17 01:47:21,47.5001,-120.5015,70.2,45,100,4.9,overcast clouds
530,Novi Ligure,IT,2022-06-17 01:50:16,44.7608,8.7896,73.83,43,39,1.01,scattered clouds
531,Manitowoc,US,2022-06-17 01:50:16,44.0667,-87.8001,78.69,47,0,16.11,clear sky
532,Taoudenni,ML,2022-06-17 01:50:17,22.6783,-3.9836,96.51,23,95,7.67,overcast clouds
533,Changping,CN,2022-06-17 01:45:26,40.2186,116.2197,78.44,44,53,5.88,broken clouds
534,Vieksniai,LT,2022-06-17 01:50:18,56.2333,22.5167,48.0,93,13,5.14,few clouds
535,Grand Gaube,MU,2022-06-17 01:43:36,-20.0064,57.6608,70.38,77,1,1.99,clear sky
536,Viedma,AR,2022-06-17 01:46:20,-40.8135,-62.9967,51.21,44,78,15.97,broken clouds
537,Maldonado,UY,2022-06-17 01:50:18,-34.6667,-54.9167,51.22,92,100,1.1,light rain
538,Denpasar,ID,2022-06-17 01:50:19,-8.65,115.2167,83.86,89,20,8.05,few clouds
539,Oktyabrskiy,RU,2022-06-17 01:50:19,54.4815,53.471,63.01,89,48,3.02,scattered clouds
540,Meulaboh,ID,2022-06-17 01:50:20,4.1363,96.1285,80.85,71,87,3.6,overcast clouds
541,Kindu,CD,2022-06-17 01:50:20,-2.95,25.95,70.2,75,36,0.96,scattered clouds
542,Hoshcha,UA,2022-06-17 01:50:20,50.6003,26.6744,52.25,81,99,4.12,overcast clouds
543,Tranas,SE,2022-06-17 01:50:21,58.0372,14.9782,47.39,96,13,3.85,few clouds
544,Dwarka,IN,2022-06-17 01:44:40,22.2394,68.9678,84.92,76,63,14.58,broken clouds
545,Sibolga,ID,2022-06-17 01:50:21,1.7427,98.7792,77.2,84,100,2.57,overcast clouds
546,Miandoab,IR,2022-06-17 01:50:22,36.9694,46.1027,64.42,58,0,2.82,clear sky
547,Buseresere,TZ,2022-06-17 01:50:22,-3.0236,31.8747,65.57,67,58,3.24,broken clouds
548,Nabire,ID,2022-06-17 01:45:38,-3.3667,135.4833,82.27,76,55,0.89,broken clouds
549,Bathsheba,BB,2022-06-17 01:42:29,13.2167,-59.5167,81.21,78,20,17.27,few clouds
550,Lata,PT,2022-06-17 01:44:51,40.1629,-8.3327,63.07,96,25,2.51,scattered clouds
551,Hami,CN,2022-06-17 01:44:41,42.8,93.45,83.68,26,100,4.18,overcast clouds
552,Dudinka,RU,2022-06-17 01:50:24,69.4058,86.1778,52.63,73,100,11.74,overcast clouds
553,Lucapa,AO,2022-06-17 01:50:24,-8.4192,20.7447,61.47,40,5,3.49,clear sky
554,Fare,PF,2022-06-17 01:44:53,-16.7,-151.0167,80.24,70,26,15.64,scattered clouds
555,Sao Jose Da Coroa Grande,BR,2022-06-17 01:43:32,-8.8978,-35.1478,74.41,87,100,8.63,overcast clouds
556,Dunmore East,IE,2022-06-17 01:50:25,52.1514,-6.9861,59.68,77,91,15.97,overcast clouds
557,Beni Suef,EG,2022-06-17 01:50:25,29.0731,31.0979,73.78,72,0,15.48,clear sky
558,Guerrero Negro,MX,2022-06-17 01:50:25,27.9769,-114.0611,66.4,73,0,18.99,clear sky
559,Fountain,US,2022-06-17 01:50:26,38.6822,-104.7008,89.82,24,20,13.8,few clouds
560,Bontang,ID,2022-06-17 01:50:26,0.1333,117.5,82.42,69,100,3.27,heavy intensity rain
561,Mizdah,LY,2022-06-17 01:46:00,31.4451,12.9801,67.86,61,0,6.76,clear sky
562,Issenye,TZ,2022-06-17 01:50:27,-2.0,34.3333,59.97,67,11,3.24,few clouds
563,Bambanglipuro,ID,2022-06-17 01:45:00,-7.95,110.2833,82.24,73,50,1.19,scattered clouds
564,Balkanabat,TM,2022-06-17 01:50:27,39.5108,54.3671,75.78,67,0,4.61,clear sky
565,Baruun-Urt,MN,2022-06-17 01:50:28,46.6806,113.2792,71.28,49,100,11.79,overcast clouds
566,Glens Falls,US,2022-06-17 01:46:01,43.3095,-73.644,70.02,89,100,8.05,overcast clouds
567,Kropotkin,RU,2022-06-17 01:50:28,45.4375,40.5756,57.4,73,7,1.36,clear sky
568,Kon Tum,VN,2022-06-17 01:50:29,14.35,108.0,82.26,69,37,2.46,scattered clouds
569,Lengshuitan,CN,2022-06-17 01:50:29,26.4111,111.5956,72.12,98,99,0.09,overcast clouds
570,Vilya,RU,2022-06-17 01:50:30,55.2456,42.2089,51.78,90,18,4.25,few clouds
571,Hualmay,PE,2022-06-17 01:44:47,-11.0964,-77.6139,61.88,81,19,13.6,few clouds
572,Novo Aripuana,BR,2022-06-17 01:50:30,-5.1206,-60.3797,72.81,93,38,1.03,scattered clouds
573,Matata,NZ,2022-06-17 01:50:31,-37.8833,176.75,63.59,69,100,4.97,overcast clouds
574,Nichinan,JP,2022-06-17 01:50:31,31.6,131.3667,76.68,71,100,3.53,moderate rain
575,Lisala,CD,2022-06-17 01:50:32,2.15,21.5167,68.4,98,97,0.87,light rain
576,Russell,US,2022-06-17 01:50:32,32.3502,-85.1999,89.2,83,0,3.44,clear sky
577,Portland,US,2022-06-17 01:44:43,45.5234,-122.6762,70.39,53,75,8.05,broken clouds
578,Sun City West,US,2022-06-17 01:50:33,33.662,-112.3413,109.83,10,0,10.36,clear sky
579,Samarai,PG,2022-06-17 01:50:33,-10.6167,150.6667,81.66,78,69,8.72,broken clouds
580,Aberdeen,GB,2022-06-17 01:50:21,57.1437,-2.0981,56.5,93,100,11.5,heavy intensity rain
581,Indramayu,ID,2022-06-17 01:50:34,-6.3264,108.32,79.95,79,100,1.01,overcast clouds
582,Shimanovsk,RU,2022-06-17 01:50:34,52.0,127.7,72.79,44,100,10.27,overcast clouds
583,Verkhnevilyuysk,RU,2022-06-17 01:50:35,63.4453,120.3167,65.03,42,1,8.23,clear sky
584,Deputatskiy,RU,2022-06-17 01:43:00,69.3,139.9,48.61,48,89,3.22,overcast clouds
585,Ulety,RU,2022-06-17 01:42:26,51.3572,112.4849,75.87,49,100,1.28,overcast clouds
586,Road Town,VG,2022-06-17 01:50:35,18.4167,-64.6167,82.44,78,40,16.06,scattered clouds
587,Jizan,SA,2022-06-17 01:50:36,17.3333,42.6667,88.74,74,0,1.45,clear sky
588,Flinders,AU,2022-06-17 01:37:52,-34.5833,150.8552,65.17,56,19,4.0,few clouds
589,Kismayo,SO,2022-06-17 01:50:36,-0.3582,42.5454,77.18,85,98,13.38,light rain
590,Ramos Arizpe,MX,2022-06-17 01:50:37,25.55,-100.9667,80.89,36,0,17.27,clear sky
591,Ayorou,NE,2022-06-17 01:50:37,14.7308,0.9174,82.13,54,100,2.33,overcast clouds
592,Tilichiki,RU,2022-06-17 01:50:38,60.4667,166.1,48.76,66,100,12.26,overcast clouds
593,Xining,CN,2022-06-17 01:44:09,36.6167,101.7667,68.85,30,71,1.99,broken clouds
594,Kenai,US,2022-06-17 01:50:38,60.5544,-151.2583,63.03,70,0,19.57,clear sky
595,Grimsby,GB,2022-06-17 01:46:03,53.5654,-0.0755,68.67,75,100,8.05,overcast clouds
596,Manzil Salim,TN,2022-06-17 01:50:39,35.8567,8.4765,73.22,35,0,1.79,clear sky
597,Korla,CN,2022-06-17 01:50:39,41.7597,86.1469,78.31,27,100,21.43,overcast clouds
598,Nebolchi,RU,2022-06-17 01:50:40,59.1239,33.3454,50.34,83,89,6.89,overcast clouds
599,Sanawad,IN,2022-06-17 01:50:40,22.1833,76.0667,86.92,57,100,10.63,overcast clouds
600,Aksu,CN,2022-06-17 01:50:40,41.1231,80.2644,79.47,14,90,9.78,overcast clouds
601,Chabahar,IR,2022-06-17 01:50:41,25.2919,60.643,83.21,86,49,12.46,scattered clouds
602,Pozo Colorado,PY,2022-06-17 01:50:41,-23.4923,-58.7972,68.36,94,100,3.24,overcast clouds
603,Mansar,IN,2022-06-17 01:50:42,21.4,79.25,80.33,77,100,6.42,overcast clouds
604,Aripuana,BR,2022-06-17 01:48:25,-9.1667,-60.6333,72.14,87,6,1.7,clear sky
605,Colares,PT,2022-06-17 01:50:42,38.7992,-9.4469,66.76,75,100,10.0,overcast clouds
606,Amahai,ID,2022-06-17 01:50:43,-3.3333,128.9167,83.57,71,15,3.42,few clouds
607,Manadhoo,MV,2022-06-17 01:50:43,5.7667,73.3833,83.05,75,100,10.89,overcast clouds
608,Beckley,US,2022-06-17 01:50:44,37.7782,-81.1882,79.21,81,0,3.44,clear sky
609,Sandwick,GB,2022-06-17 01:43:52,60.0,-1.25,55.22,94,75,11.5,heavy intensity rain
610,Elban,RU,2022-06-17 01:50:44,50.1018,136.5094,70.61,61,100,8.08,overcast clouds
611,Shakiso,ET,2022-06-17 01:50:45,5.75,38.9167,58.3,88,100,2.89,overcast clouds
612,Mackenzie,CA,2022-06-17 01:50:45,55.2999,-123.1698,55.62,94,100,5.75,overcast clouds
613,Flin Flon,CA,2022-06-17 01:43:00,54.7682,-101.865,56.05,68,91,9.35,overcast clouds
614,Bennington,US,2022-06-17 01:48:10,42.8781,-73.1968,68.61,86,100,6.67,overcast clouds
615,Swindon,GB,2022-06-17 01:50:46,51.558,-1.7812,62.22,82,0,5.75,clear sky
616,Strezhevoy,RU,2022-06-17 01:46:02,60.7333,77.5889,60.6,80,36,6.71,scattered clouds
617,Evensk,RU,2022-06-17 01:50:47,61.95,159.2333,54.97,58,100,5.23,overcast clouds
618,Verkhoyansk,RU,2022-06-17 01:46:03,67.5447,133.385,57.09,41,56,11.1,broken clouds
619,Bialystok,PL,2022-06-17 01:48:03,53.1333,23.15,50.97,91,97,5.73,overcast clouds
620,Mujiayingzi,CN,2022-06-17 01:45:41,42.1167,118.7833,80.33,42,97,3.67,overcast clouds
621,Huntsville,US,2022-06-17 01:50:47,34.7304,-86.5861,87.13,71,0,1.01,haze
622,Kvarkeno,RU,2022-06-17 01:50:48,52.0833,59.725,67.05,65,99,4.94,overcast clouds
623,Half Moon Bay,US,2022-06-17 01:43:39,37.4636,-122.4286,67.17,66,0,21.85,clear sky
624,Zeya,RU,2022-06-17 01:50:49,53.75,127.2667,75.96,38,6,4.47,clear sky
625,Aden,YE,2022-06-17 01:50:49,12.7794,45.0367,85.93,77,98,4.68,overcast clouds
626,Gobabis,NA,2022-06-17 01:50:49,-22.45,18.9667,48.06,39,6,10.4,clear sky
627,Sault Sainte Marie,CA,2022-06-17 01:49:06,46.5168,-84.3333,64.96,84,0,5.75,clear sky
628,Sunderland,GB,2022-06-17 01:46:45,54.9047,-1.3822,64.09,78,100,1.99,overcast clouds
629,Luanda,AO,2022-06-17 01:50:50,-8.8368,13.2343,65.95,92,46,8.12,scattered clouds
630,Acarau,BR,2022-06-17 01:50:51,-2.8856,-40.12,76.06,84,13,10.69,few clouds
631,Sao Felix Do Xingu,BR,2022-06-17 01:45:56,-6.6447,-51.995,70.39,79,3,1.01,clear sky
632,Moron,AR,2022-06-17 01:41:39,-34.6534,-58.6198,48.96,99,0,3.78,clear sky
633,Muroto,JP,2022-06-17 01:50:51,33.2833,134.15,74.48,77,100,2.66,overcast clouds
634,Rio Grande,BR,2022-06-17 01:45:29,-32.035,-52.0986,55.94,87,100,6.04,moderate rain
635,Cabedelo,BR,2022-06-17 01:43:54,-6.9811,-34.8339,72.27,91,17,10.38,few clouds
636,Terme,TR,2022-06-17 01:50:52,41.2092,36.9739,62.17,93,4,4.25,clear sky
637,Vostok,RU,2022-06-17 01:50:53,46.4856,135.8833,74.95,39,48,2.13,scattered clouds
638,Mersing,MY,2022-06-17 01:50:53,2.4312,103.8405,80.51,89,40,3.44,scattered clouds
639,Burnie,AU,2022-06-17 01:44:14,-41.0667,145.9167,54.95,72,96,6.42,overcast clouds
640,Monterey,US,2022-06-17 01:50:54,36.2505,-121.2516,74.17,42,6,17.13,clear sky
641,Pedasi,PA,2022-06-17 01:50:54,7.5333,-80.0333,75.07,83,100,3.33,overcast clouds
642,Egvekinot,RU,2022-06-17 01:50:55,66.3167,-179.1667,37.24,97,100,2.89,overcast clouds
643,Birin,NP,2022-06-17 01:50:55,26.8865,88.0718,66.27,89,60,2.24,broken clouds
644,Nekrasovskiy,RU,2022-06-17 01:50:55,56.0667,37.5,51.62,81,0,4.47,clear sky
645,Sao Mateus Do Sul,BR,2022-06-17 01:50:56,-25.8742,-50.3828,54.14,97,71,3.04,broken clouds
646,Ergani,TR,2022-06-17 01:50:56,38.2653,39.7621,71.53,37,0,4.07,clear sky
647,Pitimbu,BR,2022-06-17 01:50:57,-7.4706,-34.8086,72.19,93,22,9.75,few clouds
648,Gravelbourg,CA,2022-06-17 01:50:57,49.8834,-106.5512,70.07,54,19,7.0,few clouds
649,Oriximina,BR,2022-06-17 01:44:02,-1.7656,-55.8661,73.36,78,10,2.84,clear sky
650,Jesenice,SI,2022-06-17 01:50:58,46.4306,14.0669,63.88,95,91,2.95,overcast clouds
651,Channel-Port Aux Basques,CA,2022-06-17 01:50:58,47.5702,-59.1367,55.0,80,10,3.06,clear sky
652,Pochutla,MX,2022-06-17 01:50:58,15.7432,-96.4661,77.83,86,100,3.96,overcast clouds
653,Crotone,IT,2022-06-17 01:50:59,39.0851,17.1178,72.37,63,0,3.0,clear sky
654,Jacareacanga,BR,2022-06-17 01:50:59,-6.2222,-57.7528,73.76,74,86,0.96,overcast clouds
655,Rabo De Peixe,PT,2022-06-17 01:51:00,37.8,-25.5833,68.27,91,75,5.75,broken clouds
656,Novomykolayivka,UA,2022-06-17 01:51:00,47.9781,35.9102,60.48,64,94,3.69,overcast clouds
657,Ostersund,SE,2022-06-17 01:43:45,63.1792,14.6357,52.25,93,100,9.22,overcast clouds
658,Sabha,LY,2022-06-17 01:51:01,27.0377,14.4283,75.58,28,0,9.78,clear sky
659,Esmeraldas,BR,2022-06-17 01:47:50,-19.7625,-44.3139,61.84,66,0,3.47,clear sky
660,Booue,GA,2022-06-17 01:51:01,-0.0921,11.9385,69.96,98,92,1.99,overcast clouds
661,Tura,IN,2022-06-17 01:51:02,25.5198,90.2201,74.61,97,99,7.27,heavy intensity rain
662,Ossora,RU,2022-06-17 01:42:46,59.2353,163.0719,46.45,91,100,9.19,light rain
663,Cap Malheureux,MU,2022-06-17 01:51:02,-19.9842,57.6142,70.47,78,1,1.99,clear sky
